Ano Término Fiscalização;Mês Término Fiscalização;CNPJ Estabelecimento;2M LOCACOES DE STANDES LTDA EPP;Logradouro Local Fiscalizado;CEP;;Município Local Fiscalizado;UF Local Fiscalizado
2011;2011/12;Sem Informação;"""ALOJAMENTO""";RUA DAS GARDÊNIAS, 367;SI;JARDIM PARAÍSO;Valinhos;São Paulo
2011;2011/08;Sem Informação;"""CONFECÇÃO A""";RUA IMIGRANTES, 525;SI;JARDIM IPIRANGA;Americana;São Paulo
2011;2011/08;Sem Informação;"""CONFECÇÃO B""";RUA JOSÉ JORGE PATRÍCIO, 785;SI;Sem Informação;Santa Bárbara d'Oeste;São Paulo
2012;2012/04;Sem Informação;"""FAZENDA JACINTINHO""";X;09700-000;Sem Informação;Aguaí;São Paulo
2012;2012/03;Sem Informação;"""MARIA STEFE CONFECÇÃO""";RUA JOÃO LUIZ MAZER, 146;13465-000;SÃO JERÔNIMO;Americana;São Paulo
2009;2009/02;49.205.834/0001-22;002- EMURG EMPR.URB.GJA SA(LIQUIDANTES);RUA WASHINGTON,227;11410-150;VILA MAIA;Guarujá;São Paulo
2009;2009/06;55.204.002/0001-94;01 CONCREBASE COM E SERV CONCRETAGEM LTDA;R. VINTE OITO DE OUTUBRO, 259;18087-080;JD DO PAÇO;Sorocaba;São Paulo
2009;2009/10;00.900.716/0001-45;01 DB BRASIL COM DE EQUIPAMENTOS LTDA;RUA DOMINGOS DE MORAIS,2102;04036-000;VILA MARIANA;São Paulo;São Paulo
2009;2009/06;05.789.313/0001-94;01 ENXUTO SUPERMERCADOS LTDA;RUA OTTO HERBEST,719;13150-000;VILA JOSE KALIL AUN;Cosmópolis;São Paulo
2008;2008/10;05.789.313/0001-94;01 ENXUTO SUPERMERCADOS LTDA;RUA OTTO HERBEST,719;13150-000;VILA JOSE KALIL AUN;Cosmópolis;São Paulo
2009;2009/04;05.789.313/0001-94;01 ENXUTO SUPERMERCADOS LTDA;RUA OTTO HERBEST,719;13150-000;VILA JOSE KALIL AUN;Cosmópolis;São Paulo
2009;2009/07;05.789.313/0001-94;01 ENXUTO SUPERMERCADOS LTDA;RUA OTTO HERBEST,719;13150-000;VILA JOSE KALIL AUN;Cosmópolis;São Paulo
2009;2009/12;05.789.313/0001-94;01 ENXUTO SUPERMERCADOS LTDA;RUA OTTO HERBEST,719;13150-000;VILA JOSE KALIL AUN;Cosmópolis;São Paulo
2009;2009/10;05.789.313/0001-94;01 ENXUTO SUPERMERCADOS LTDA;RUA OTTO HERBEST,719;13150-000;VILA JOSE KALIL AUN;Cosmópolis;São Paulo
2010;2010/04;05.789.313/0001-94;01 ENXUTO SUPERMERCADOS LTDA;RUA OTTO HERBEST,719;13150-000;VILA JOSE KALIL AUN;Cosmópolis;São Paulo
2010;2010/08;05.789.313/0001-94;01 ENXUTO SUPERMERCADOS LTDA;RUA OTTO HERBEST,719;13150-000;VILA JOSE KALIL AUN;Cosmópolis;São Paulo
2012;2012/04;05.789.313/0001-94;01 ENXUTO SUPERMERCADOS LTDA;RUA OTTO HERBEST,719;13150-000;VILA JOSE KALIL AUN;Cosmópolis;São Paulo
2012;2012/03;05.789.313/0001-94;01 ENXUTO SUPERMERCADOS LTDA;RUA OTTO HERBEST,719;13150-000;VILA JOSE KALIL AUN;Cosmópolis;São Paulo
2009;2009/05;03.757.239/0002-80;022008SPEED WORK TRANSPORTES LTDA;RUA JOSE BERNARDO PINTO,554;02055-001;VILA GUILHERME;São Paulo;São Paulo
2011;2011/05;05.471.660/0008-40;02PERFOR SP VEICULOS LTDA;AV NOVE DE JULHO 129;12000-000;CENTRO;Taubaté;São Paulo
2009;2009/01;36.542.025/0004-07;03 BRQ SOLUCOES EM INFORMATICA SA;RUA GOMES DE CARVALHO,1356;04547-005;VILA OLIMPIA;São Paulo;São Paulo
2009;2009/08;07.886.254/0001-06;03 MEIO AMBIENTE ENGENHARIA LTDA;RUA GALEAO COUTINHO 714;11365-000;Sem Informação;São Vicente;São Paulo
2010;2010/11;07.886.254/0001-06;03 MEIO AMBIENTE LTDA ME;AVENIDA GALEÃO COUTINHO 714;11300-000;Sem Informação;São Vicente;São Paulo
2010;2010/08;07.886.254/0001-06;03 MEIO AMBIENTE LTDA -ME;AV GALEÃO COUTINHO 714;11365-000;PARQUE SAO VICENTE;São Vicente;São Paulo
2008;2008/06;00.109.234/0001-71;047 - URSOS COMERCIO E FLORICULTURA LTDA ME;RUA DR ADEMAR QUEIROZ DE MORAES,71;04623-060;BROOKLIN PAULISTA;São Paulo;São Paulo
2009;2009/01;01.781.409/0001-55;05 S INDUSTRIA COM COSMETICOS LTDA ME;RUA DIARIO DE NOTICIAS,51;04327-160;JD IMPRENSA;São Paulo;São Paulo
2010;2010/01;01.781.409/0001-55;05 S INDUSTRIA COM COSMETICOS LTDA ME;RUA DIARIO DE NOTICIAS,51;04327-160;JD IMPRENSA;São Paulo;São Paulo
2009;2009/02;59.355.123/0001-98;070 COM CALC GOMES E SILVA ITU LTDA ME;RUA SANTA RITA, 1025;13300-065;CENTRO;Itu;São Paulo
2010;2010/07;59.355.123/0001-98;070 COM CALC GOMES E SILVA ITU LTDA ME;RUA SANTA RITA, 1025;13300-065;CENTRO;Itu;São Paulo
2008;2008/10;08.308.502/0001-96;0800 NAUTICA COMERCIO E SERVIÇOS LTDA;AV EUGENIO FISCHER 300 LJ 03/06;11421-000;JD GUAIUBA;Guarujá;São Paulo
2009;2009/09;05.332.239/0001-82;089 EQUIMIX LTDA;AVENIDA PIRELLI,1051;18103-085;JD BOA ESPERANCA;Sorocaba;São Paulo
2010;2010/02;60.908.639/0001-00;08SOBROSA MELLO CONSTRUTORA LTDA;TRAVUBIRASSANGA,35;04614-050;CAMPO BELO;São Paulo;São Paulo
2009;2009/04;53.934.626/0001-31;0EHARA COM MAT ELETRICOS E HIDRAULICOS LTDA;AV DOS LATINOS,470;03572-000;JD STA TEREZINHA;São Paulo;São Paulo
2010;2010/03;53.934.626/0001-31;0EHARA COM MAT ELETRICOS E HIDRAULICOS LTDA;AV DOS LATINOS,470;03572-000;JD STA TEREZINHA;São Paulo;São Paulo
2010;2010/09;74.536.491/0001-26;0R SERVICE COMERCIO SERV EM IMAGENS LTDA;RUA TITICACA,706;06412-080;JD REGINA ALICE;Barueri;São Paulo
2011;2011/03;08.213.884/0001-74;1 CAM DE MED JUIZ ARB DE MAT E REG S/S;RUA JOSÉ BONIFÁCIO, 691;15990-000;CENTRO;Matão;São Paulo
2011;2011/08;51.795.615/0001-92;1 OF R I T D C P J E 1 TAB P L T DE;RUA WASHINGTON LUIZ;14401-220;JDM BOA ESPERANCA;Franca;São Paulo
2011;2011/02;51.241.263/0001-23;1 OF REG IMOVEIS TIT D C P JURID DE OSASCO;AV SANTO ANTONIO,1986;06083-200;VILA OSASCO;Osasco;São Paulo
2011;2011/12;05.898.224/0001-86;1 OF.R.I.T.D.C.P.J. SOROCABA;RUA DA PENHA,,1035;18010-004;CENTRO;Sorocaba;São Paulo
2009;2009/07;51.327.575/0001-54;1 OFICIAL DE REGISTRO DE IM., TIT. E DOC. E CIVIL DE PJ;AV LIMEIRA, 222   5º ANDAR;13414-018;VILA REZENDE;Piracicaba;São Paulo
2009;2009/11;51.327.575/0001-54;1 OFICIAL DE REGISTRO DE IMOVEIS, TIT.E DOC. CIVIL PJ;AV LIMEIRA 222 5 ANDAR;13414-018;VILA REZENDE;Piracicaba;São Paulo
2009;2009/10;51.795.615/0001-92;1 OFICIAL REG IM TIT DOC CIV PJ FRC;RUA WASHINGTON LUIZ, 1901;14401-220;JD BOA ESPERANCA;Franca;São Paulo
2010;2010/09;51.653.780/0001-00;1 TABELIAO DE NOTAS;AV. CONSELHEIRO NEBIAS, N,795;11045-003;BOQUEIRAO;Santos;São Paulo
2012;2012/01;59.579.284/0001-65;1 TABELIAO DE PROTESTO DE LETRAS E TITULOS DA COMA;AV BRIG LUIS ANTONIO 371 SOBRELOJA;01317-000;BELA VISTA;São Paulo;São Paulo
2008;2008/09;50.828.516/0001-05;1 TABELIONATO DE NOTAS DE BAURU-SP.;RUA BANDEIRANTES,9-58;17015-011;CENTRO;Bauru;São Paulo
2009;2009/05;45.575.156/0001-39;10 TABELIAO DE NOTAS DA CAPITAL;AVENIDA JABAQUARA,221;04045-000;MIRANDOPOLIS;São Paulo;São Paulo
2011;2011/06;45.575.156/0001-39;10 TABELIAO DE NOTAS DA CAPITAL;AVENIDA JABAQUARA,221;04045-000;MIRANDOPOLIS;São Paulo;São Paulo
2009;2009/10;45.575.156/0001-39;10 TABELIAO DE NOTAS DA CAPITAL;AVENIDA JABAQUARA,221;04045-000;MIRANDOPOLIS;São Paulo;São Paulo
2012;2012/01;07.978.127/0001-29;100 POR CENTO PROM.COM.DE BOLSAS LTDA.;RUA JOAQUIM LAPAS VEIGA,491;05550-010;JARDIM GILDA MARIA;São Paulo;São Paulo
2010;2010/07;07.978.127/0001-29;100 POR CENTO PROM.COM.DE BOLSAS LTDA.;RUA JOAQUIM LAPAS VEIGA,491, 503 E 509;05550-010;JARDIM GILDA MARIA;São Paulo;São Paulo
2010;2010/07;Sem Informação;100 QUERER IND E COM DE CALCADOS;RUA MOE, 701 A;03660-040;VILA RE;São Paulo;São Paulo
2008;2008/10;06.346.182/0001-33;100 SAUDE ACADEMIA DE ESPORTES E LAZER LTDA;RUA DOUTOR DIOGO DE FARIA,1099;04037-003;VILA CLEMENTINO;São Paulo;São Paulo
2010;2010/01;Sem Informação;100% MORENA;RUA CASEMIRO DE ABREU, 649;SI;BRÁS;São Paulo;São Paulo
2008;2008/11;03.135.978/0001-59;1000 FOLHAS  PAPELARIA LTDA ME;RUA AJUDANTE ALBANO, 590;13416-030;Sem Informação;Piracicaba;São Paulo
2008;2008/08;05.060.232/0001-59;1000 GRAUS LANCHONETE E PIZZARIA LTDA;RUA CONEGO ANRONIO MANZI,40/42;08150-310;JD ROBRU;São Paulo;São Paulo
2011;2011/01;05.060.232/0001-59;1000 GRAUS PADARIA, LANCHONETE E PIZZARIA LTDA;R CONEGO ANTONIO MANZI,40/42;08150-310;JD ROBRU;São Paulo;São Paulo
2010;2010/12;03.573.330/0001-64;1000 MARCAS LTDA;RETIRO,114;03073-005;TATUAPE;São Paulo;São Paulo
2011;2011/11;03.573.330/0001-64;1000 MARCAS LTDA;RETIRO,114;03073-005;TATUAPE;São Paulo;São Paulo
2010;2010/12;07.753.797/0001-47;1000 SERVICES COM DE EPI S LTDA EPP;RETIRO,114;03073-005;TATUAPE;São Paulo;São Paulo
2011;2011/11;07.753.797/0001-47;1000 X SERVICOS ADMINISTRATI. LTDA EPP;RETIRO,114 AND 1;03073-005;TATUAPE;São Paulo;São Paulo
2009;2009/03;04.336.789/0001-07;1000TONCAR AUTO SERV E COM LTDA ME;RUA CERRO CORA,2431;05061-450;ALTO DA LAPA;São Paulo;São Paulo
2009;2009/03;08.286.188/0001-98;1001 CORES COMERCIO DE CONFECCOES E ESTAMPARIA LTDA;RUA MANIUTUBA,109;03411-130;VILA SANTO ANTONIO;São Paulo;São Paulo
2009;2009/05;61.508.537/0003-13;1001 IND.ARTEF.BORRACHA LTDA;AV. LINO ANTONIO NOGUEIRA,832;07024-030;J.STA.FRANCISCA;Guarulhos;São Paulo
2011;2011/09;61.508.537/0003-13;1001 INDUSTRIA DE ARTEFATOS DE BORRACHA LTDA;AV. LINO ANTONIO NOGUEIRA, 832;07024-030;JD SANTA FRANCISCA;Guarulhos;São Paulo
2010;2010/09;61.508.537/0003-13;1001 INDUSTRIA DE ARTEFATOS DE BORRACHA LTDA;AV. LINO ANTONIO NOGUEIRA, 832;07024-030;JD SANTA FRANCISCA;Guarulhos;São Paulo
2008;2008/12;04.633.265/0001-88;1001 PNEUS;AV MONSENHOR MARTINHO SALGOT, 313;13414-040;AREãO;Piracicaba;São Paulo
2011;2011/04;06.255.850/0001-17;1001 RETALHOS IND CONFECCOES LTDA ME;AV. INDUSTRIAL WALTER KLOTH,1594;12941-200;JARDIM IMPERIAL;Atibaia;São Paulo
2011;2011/03;06.255.850/0001-17;1001 RETALHOS IND CONFECCOES LTDA ME;AV. INDUSTRIAL WALTER KLOTH,1594;12941-200;JARDIM IMPERIAL;Atibaia;São Paulo
2009;2009/11;02.093.794/0001-00;107 QUITANDA MERCEARIA NOZUMA LTDA ME;DR. JOSE DO AMARAL,341;03675-010;JARDIM TRES MARIAS;São Paulo;São Paulo
2011;2011/07;10.770.818/0001-47;10C CENTRO DE EMBEL AUTOMOTIVO LTDA ME;RUA MANUEL DA COSTA,635;03262-000;VILA DARLI;São Paulo;São Paulo
2010;2010/10;45.566.486/0001-68;11 CARTORIO DE REGISTRO DE IMOVEIS;R. NELSON GAMA DE OLIVEIRA,,235;05734-150;V. ANDRADE;São Paulo;São Paulo
2011;2011/01;06.268.154/0001-45;11A UNIFORMES E SERVICOS LTDA;AV DIOGENES RIBEIRO DE LIMA,2872-7 ANDAR-S.PAULO;05083-901;ALTO DA LAPA;São Paulo;São Paulo
2010;2010/10;06.268.154/0001-45;11A UNIFORMES E SERVIÇOS LTDA;AV DIOGENES RIBEIRO DE LIMA,2872-7 ANDAR-S.PAULO;05083-901;ALTO DA LAPA;São Paulo;São Paulo
2011;2011/07;45.565.371/0001-59;12 CARTORIO DE NOTAS;AL SANTOS 1470 TERREO;01418-100;JARDIM PAULISTA;São Paulo;São Paulo
2012;2012/05;45.565.371/0001-59;12 CARTORIO DE NOTAS;AL SANTOS 1470 TERREO;01418-100;JARDIM PAULISTA;São Paulo;São Paulo
2011;2011/09;09.452.631/0001-16;1212 LENHA & ARTE PIZZAS LTDA - ME;R MUNIZ DE SOUSA 1342;01534-001;ACLIMACAO;São Paulo;São Paulo
2010;2010/10;45.572.393/0001-46;13 OFICIAL DE REGISTRO DE IMOVEIS DA CAPITAL;AV SAO GABRIEL 201 1 ANDAR;01435-001;ITAIM BIBI;São Paulo;São Paulo
2012;2012/05;45.565.397/0001-05;13. TABELIAO DE NOTAS DA CAPITAL;R PRINCESA ISABEL 363;04601-001;BROOKLIN PAULISTA;São Paulo;São Paulo
2008;2008/07;06.083.070/0001-37;136-CONDOMINIO EDIFICIO FELIPE;RUA ACARIS,28;11703-690;VILA TUPI;Praia Grande;São Paulo
2010;2010/11;01.471.008/0001-07;14 BIS PIZZARIA E ESFIHARIA LTDA ME;AVENIDA IMPERADOR,4395;08050-540;PARQUE GUARANI;São Paulo;São Paulo
2008;2008/09;45.565.686/0001-04;14 TABELIONATO DE NOTAS DA CAPITAL;RUA ANTONIO BICUDO,,64;05418-000;PINHEIROS;São Paulo;São Paulo
2010;2010/08;01.621.063/0001-28;141 BRASIL COMUNICACAO LTDA 141 BRASIL SP;AV. PEDROSO DE MORAES,1553;05419-001;PINHEIROS;São Paulo;São Paulo
2011;2011/01;01.621.063/0001-28;141 BRASIL COMUNICACAO LTDA 141 BRASIL SP;AV. PEDROSO DE MORAES,1553;05419-001;PINHEIROS;São Paulo;São Paulo
2011;2011/04;01.621.063/0001-28;141 SOHO SQUARE COMUNICACAO LTDA;AV. PEDROSO DE MORAES,1553;05419-001;PINHEIROS;São Paulo;São Paulo
2012;2012/01;45.565.876/0001-13;15 CARTORIO DE REGISTRO DE IMOVEIS;R CONS CRISPINIANO 29 5 ANDAR;01037-900;CONSOLACAO;São Paulo;São Paulo
2011;2011/09;50.178.227/0001-08;15 DE NOVEMBRO MOVEIS E UTILIDADES LTDA;RUA GENERAL GLICERIO,74;09015-190;CENTRO;Santo André;São Paulo
2008;2008/11;50.178.227/0001-08;15 DE NOVEMBRO MOVEIS E UTILIDADES LTDA;RUA GENERAL GLICERIO,74;01000-000;CENTRO;São Paulo;São Paulo
2008;2008/10;50.178.227/0001-08;15 DE NOVEMBRO MOVEIS E UTILIDADES LTDA;RUA GENERAL GLICERIO,74;01000-000;CENTRO;Santo André;São Paulo
2008;2008/09;50.178.227/0001-08;15 DE NOVEMBRO MOVEIS E UTILIDADES LTDA;RUA GENERAL GLICERIO,74;01000-000;CENTRO;São Paulo;São Paulo
2009;2009/06;50.178.227/0001-08;15 DE NOVEMBRO MOVEIS E UTILIDADES LTDA;RUA GENERAL GLICERIO,74;09015-190;CENTRO;Santo André;São Paulo
2010;2010/06;50.178.227/0001-08;15 DE NOVEMBRO MOVEIS E UTILIDADES LTDA;RUA GENERAL GLICERIO,74;09015-190;CENTRO;Santo André;São Paulo
2010;2010/10;50.178.227/0001-08;15 DE NOVEMBRO MOVEIS E UTILIDADES LTDA;RUA GENERAL GLICERIO,74;01000-000;CENTRO;São Paulo;São Paulo
2011;2011/06;50.178.227/0001-08;15 DE NOVEMBRO MOVEIS E UTILIDADES LTDA;RUA GENERAL GLICERIO,74;01000-000;CENTRO;São Paulo;São Paulo
2010;2010/04;50.178.227/0003-61;15 DE NOVEMBRO MOVEIS E UTILIDADES LTDA.;RUA MARECHAL DEODORO, 693;09710-000;CENTRO;São Bernardo do Campo;São Paulo
2011;2011/05;08.918.283/0001-67;153 JULIANA CRISTINA CESARIO ONGILIO ME;AV ANTONIO E HELENA ZERRENER,1277;14050-010;VILA TIBERIO;Ribeirão Preto;São Paulo
2011;2011/10;10.257.258/0001-21;155 HOTEL LTDA EPP;RUA MARTINHO PRADO,173;01306-040;CONSOLACAO;São Paulo;São Paulo
2011;2011/11;45.572.567/0001-70;16 TABELIAO DE NOTAS;R AUGUSTA 1638 LOJA  / 1642 1 ANDAR;01304-001;CERQUEIRA CESAR;São Paulo;São Paulo
2009;2009/12;45.572.567/0001-70;16 TABELIAO DE NOTAS DE SAO PAULO;RUA AUGUSTA,1638;01304-001;CERQUEIRA CESAR;São Paulo;São Paulo
2008;2008/08;50.017.83075/02;164-CONDOMINIO EDIFICIO DROGASIL;AV. JABAQUARA, 774;04046-000;JABAQUARA;São Paulo;São Paulo
2009;2009/01;54.342.621/0001-82;173-CONDOMINIO EDIFICIO MALAGA I;RUA AMAZONAS,115;11443-350;ENSEADA;Guarujá;São Paulo
2008;2008/10;54.342.621/0001-82;173-CONDOMINIO EDIFICIO MALAGA I;RUA AMAZONAS,115;11443-350;J. BATISTA JULIAO;Guarujá;São Paulo
2008;2008/09;54.342.621/0001-82;173-CONDOMINIO EDIFICIO MALAGA I;RUA AMAZONAS,115;11443-350;J. BATISTA JULIAO;Guarujá;São Paulo
2012;2012/03;00.839.246/0001-51;175 COLEGIO MIRANDA SC LTDA;R CEL JOSE RUFINO FREIRE,193;05159-500;JD JARAGUA;São Paulo;São Paulo
2011;2011/07;45.576.733/0001-07;18 REGISTRO DE IMOVEIS;AV DA LIBERDADE 701;01503-001;LIBERDADE;São Paulo;São Paulo
2009;2009/07;08.216.743/0001-05;1818 COMERCIO DE PEDRAS ORNAMENTAIS LTDA;RUA MUNIZ DE SOUZA, 492;01000-000;ACLIMAÇÃO;São Paulo;São Paulo
2010;2010/08;96.291.695/0001-87;19 SUBDISTRITO DO REGISTRO CIVIL PE;RUA TURIASSU,,433;05005-001;PERDIZES;São Paulo;São Paulo
2010;2010/08;96.291.695/0001-87;19 SUBDISTRITO DO REGISTRO CIVIL PE;RUA TURIASSU,,433;05005-001;PERDIZES;São Paulo;São Paulo
2011;2011/10;96.291.695/0001-87;19 SUBDISTRITO DO REGISTRO CIVIL PE;RUA TURIASSU,,433;05005-001;PERDIZES;São Paulo;São Paulo
2010;2010/08;45.572.724/0001-48;19 TABELIAO DE NOTAS DA CAPITAL;AVENIDA REBOUCAS,,3749;05401-450;JD. AMERICA;São Paulo;São Paulo
2008;2008/12;58.002.007/0001-22;1946 COND EDIFICIO PORTO SEGURO;RUA ECA DE QUEIROZ,270;04011-031;VILA MARIANA;São Paulo;São Paulo
2008;2008/12;01.643.690/0001-60;199 COMPANY BAURU LTDA EPP;RUA PRIMEIRO DE AGOSTO,3-29;17010-011;CENTRO;Bauru;São Paulo
2009;2009/12;02.925.124/0003-75;1O BATALHAO INDUSTRIA E COMERCIO LTDA;RUA DA JUTA,255 A SALA 2;03010-010;BRAS;São Paulo;São Paulo
2011;2011/10;51.393.510/0001-07;1º TABELIÃO DE NOTAS E PROT. DE LETRAS E TITULOS;AV. MANOEL GOULART, 386;19010-270;CENTRO;Presidente Prudente;São Paulo
2008;2008/06;04.190.957/0001-07;1X;AV.INDEPENDENCIA_4665;18103-000;Sem Informação;Sorocaba;São Paulo
2008;2008/12;Sem Informação;1X;N/C;18051-900;VILA DOS INGLESES;Capão Bonito;São Paulo
2010;2010/11;60.373.164/0001-96;1XCONFECÇÕES DIMANOS LTDA;N/CRUA CEL. BENEDITO PIRES,,171;18010-160;CENTRO;Sorocaba;São Paulo
2008;2008/06;06.053.800/0001-57;1XGM LAVKAR E COMÉRCIO DE ACESSÓRIOS PARA AUTOS LTDA- M;N/CAV. INDEPENDÊNCIA,4771;18103-000;__EDEN;Sorocaba;São Paulo
2009;2009/10;53.343.984/0001-70;2 B CONFECCOES DE ROUPAS LTDA ME;RUA BUENO BRANDAO,81;07143-030;JD SAO JOSE;Guarulhos;São Paulo
2009;2009/02;56.395.411/0001-88;2 DEGRAL CONFECCAO DE ROUPAS LTDA.;RUA CARDOSO DE ALMEIDA,180;05013-000;PERDIZES;São Paulo;São Paulo
2008;2008/12;08.229.547/0001-75;2 FR BAR LTDA ME;RUA MAJOR ANTONIO DOMINGUES,383;12245-750;CENTRO;São José dos Campos;São Paulo
2009;2009/04;74.375.197/0001-80;2 LEOES MATERIAIS PARA CONSTRUCAO ME;AV INOCENCIO SERAFICO 4414;06343-410;VILA DIRCE;Carapicuíba;São Paulo
2009;2009/03;74.375.197/0001-80;2 LEOES MATERIAIS PARA CONSTRUCAO ME;AV INOCENCIO SERAFICO 4414;06343-410;VILA DIRCE;Carapicuíba;São Paulo
2009;2009/09;07.793.883/0001-83;2 M CONSTRUTORA LTDA;RUA JOAO GASPAR SIMOES,297;04416-370;AMERICANOPOLIS;São Paulo;São Paulo
2008;2008/09;67.525.212/0001-63;2 M CRIAçãO EDITORIAL COMéRCIO IMP. E EXP. LTDA;RUA TRES ANDRADAS, 560 - OSASCO;06230-080;JD. PIRATININGA;Osasco;São Paulo
2008;2008/09;05.689.774/0001-95;2 OFICIAL REG IMOVEIS T D C P JURIDICA DE BAURU;RUA TREZE DE MAIO,8-34;17015-270;CENTRO;Bauru;São Paulo
2009;2009/06;10.334.780/0001-60;2 SANTOS - HOTELARIA E EVENTOS LTDA.;ROD. MARECHAL RONDON, S/N KM 127,5;18540-000;ESTRADA DO CHAPADÃO;Porto Feliz;São Paulo
2011;2011/05;10.334.780/0001-60;2 SANTOS HOTELARIA E EVENTOS LTDA;RODOVIA MARECHAL RONDON KM 127;18540-000;SITIO 2 SANTOS;Porto Feliz;São Paulo
2008;2008/09;50.828.441/0001-54;2 TAB NOTAS E PROT LETRAS E TITULOS;RUA BANDEIRANTES,12-59;17015-012;CENTRO;Bauru;São Paulo
2011;2011/11;45.572.468/0001-99;2 TABELIAO DE NOTAS;R REGO FREITAS 63 73 LJ 2 CJ 11 CJ 12;01220-010;CONSOLACAO;São Paulo;São Paulo
2011;2011/08;43.348.879/0001-70;2 TABELIAO DE NOTAS DE SANTO ANDRE;PC DO CARMO,58/62;09010-020;CENTRO;Santo André;São Paulo
2009;2009/02;05.118.901/0001-04;2 UNIC AGENCY LTDA;25 SALAO DO AUTOMOVEL;02012-020;PQ ANHEMBI;São Paulo;São Paulo
2009;2009/12;10.795.924/0001-85;2 YOU COMERCIO DE ARTIGOS ESPORTIVOS LTDA ME;AV MANOEL GOULART, 2400 BOX 160;19060-000;JD DAS ROSAS;Presidente Prudente;São Paulo
2008;2008/10;51.880.771/0001-51;2. SERVICO DE REGISTRO DE IMOVEIS E ANEXOS;R GENERAL OSORIO 883 2. ANDAR;13010-111;CENTRO;Campinas;São Paulo
2012;2012/02;59.954.578/0001-20;2. TABELIONATO DE PROTESTO DE TITULOS;R BOA VISTA 314 1 ANDAR;01014-909;CENTRO;São Paulo;São Paulo
2010;2010/01;02.070.822/0001-74;2001 SERVICOS DE TRANSPORTES LTDA ME;RUA RAMIRO BARCELOS,48;04311-050;JABAQUARA;São Paulo;São Paulo
2011;2011/06;45.572.484/0001-81;21 TABELIAO DE NOTAS DA CAPITAL;R LIBERO BADARO 386 -;01008-000;CENTRO;São Paulo;São Paulo
2009;2009/03;58.722.711/0001-50;2292 COND EDIFICIO EDNA;RUA CARDOSO DE ALMEIDA,978;05013-001;PERDIZES;São Paulo;São Paulo
2008;2008/10;56.573.371/0001-17;2480 COND EDIFICIO TEREBI II;AV VALDEMAR FERREIRA,168;05501-000;BUTANTA;São Paulo;São Paulo
2008;2008/09;03.679.584/0001-61;2485 BAR E BILHAR LTDA ME;AVENIDA IBIRAPUERA,2485;04029-200;MOEMA;São Paulo;São Paulo
2009;2009/05;45.588.639/0001-78;25. CARTORIO DE NOTAS;RUA AFONSO SARDINHA,290;05076-000;LAPA;São Paulo;São Paulo
2011;2011/05;65.772.253/0001-29;257 COLEGIO AMORIM LTDA;RUA RUBENS GALVAO DE FRANCA,923;03804-010;ERM MATARAZZO;São Paulo;São Paulo
2010;2010/04;02.040.781/0001-73;274 LIMPEZA AUTOMOTIVA LTDA ME;RUA RODRIGO VIEIRA,274;04115-060;JD VILA MARIANA;São Paulo;São Paulo
2009;2009/02;06.340.641/0001-71;291 - UNIFORT SERVICOS GERAIS S/S LTDA;RUA FRANCISCO GUIMARAES MORAES,209;05871-310;JARDIM TAMOIO;São Paulo;São Paulo
2008;2008/10;71.896.799/0001-94;2A RECICLAGEM E REMOCAO D LIXO LTDA ME;AL 1O SGTO OSMAR C CLARO,75;02145-050;PARQUE NOVO MUNDO;São Paulo;São Paulo
2009;2009/10;04.171.733/0001-40;2AJ PAINEIS PUBLICITARIOS IND COM SERV LTDA;RUA JASSON MARQUES 34;09371-075;PQ SAO VICENTE;Mauá;São Paulo
2010;2010/07;07.654.902/0004-33;2C COM E IMP DE PRESENTES FINOS LTDA;AV MAGALHAES DE CASTRO 12000;05502-001;BUTANTA;São Paulo;São Paulo
2009;2009/02;45.808.169/0001-00;2C COM E IMPORT DE PRESENTES FINOS LTDA;AV BRIG FARIA LIMA 2232 LJ DD11A PISO 1;01451-000;PINHEIROS;São Paulo;São Paulo
2011;2011/05;07.654.902/0001-90;2C COM E IMPORT DE PRESENTES FINOS LTDA;AV BRIG FARIA LIMA 2232 LJ DD11A PISO 1;01451-000;PINHEIROS;São Paulo;São Paulo
2010;2010/12;10.469.584/0001-00;2C EQUIPAMENTOS E SUPRIMENTOS P/ESCRITORIO LTDA EPP;RUA ANTONIO FURTADO DE MIRANDA, 244;19013-370;VILA INDUSTRIAL;Presidente Prudente;São Paulo
2009;2009/04;08.805.740/0001-07;2EASY SERVICOS DE PROCESSAMENTO DE DADOS LTDA - ME;BELA CINTRA,643;01415-000;BELA VISTA;São Paulo;São Paulo
2008;2008/11;06.937.468/0001-93;2EASY SOLUCOES EM INFORMATICA LTDA.;RUA PEDRO DE TOLEDO, 129;04039-001;VILA CLEMENTINO;São Paulo;São Paulo
2009;2009/07;09.173.309/0001-58;2FF COM. DE MADEIRAS LTDA;RUA MANOEL BECKMAN 66;06230-040;CENTRO;Osasco;São Paulo
2009;2009/04;03.222.879/0001-04;2HM MANUTENCAO INDUSTRIAL E COM LTDA;RUA MAISA,249;13091-630;JDM BOA ESPERANCA;Campinas;São Paulo
2009;2009/12;08.827.154/0003-25;2M COMERCIO DE ALIMENTOS E BEBIDAS LTDA;RUA CORONEL EUCLIDES MACHADO 1023;02713-000;FREG DO O;São Paulo;São Paulo
2010;2010/07;09.561.769/0001-53;2M CONSTR. S/S LTDA  EPP;RUA CHAMANTá, 1227;03126-001;PARQUE DA MOOCA;São Paulo;São Paulo
2009;2009/01;09.561.769/0001-53;2M CONSTR. SS LTDA. EPP;PROF ALCEU MAYNARD DE ARAUJO,650;04726-160;CHAC SANTO ANTONIO;São Paulo;São Paulo
2009;2009/11;09.561.769/0001-53;2M CONSTR. SS LTDA. EPP;RUA JOSé GONçALVES, 180;05727-250;MORUMBI;São Paulo;São Paulo
2012;2012/01;09.561.769/0001-53;2M CONSTRUCOES SS LTDA EPP;AVENIDA JOAO DIAS,1371;04723-001;SANTO AMARO;São Paulo;São Paulo
2009;2009/07;57.614.034/0001-93;2M DO BRASIL IND E COM LTDA;RODOV DO ACUCAR, KM 156;13400-911;ZONA RURAL;Rio das Pedras;São Paulo
2009;2009/04;57.614.034/0001-93;2M DO BRASIL INDUSTRIA E COM LTDA;RUA OSCAR SEIXAS DE QUEIROZ,135;13140-000;CENTRO;Paulínia;São Paulo
2011;2011/10;07.719.129/0001-01;2M LOCACOES DE STANDES LTDA EPP;7ª BEAUTY FAIR -EXPO CENTER NORTE;02055-000;VL GUILHERME;São Paulo;São Paulo
2009;2009/09;07.719.129/0001-01;2M LOCACOES DE STANDES LTDA EPP;BEAUTY FAIR 2009;02055-000;VL GUILHERME;São Paulo;São Paulo
2008;2008/09;07.719.129/0001-01;2M LOCACOES E STANDES LTDA EPP;20 BIENAL DO LIVRO;02012-020;PQ ANHEMBI;São Paulo;São Paulo
2011;2011/10;04.676.484/0001-44;2M PROMOCOES E SERVICOS EMPRESARIAIS LTD;AV. DR. RICARDO JAFET,133;04260-020;VILA SANTA EULALIA;São Paulo;São Paulo
2010;2010/08;Sem Informação;2MINDS 4ARTS PRESTACAO DE SERVICOS EM INFORMATICA LTDA;RUA CORONEL BENEDITO DE ALMEIDA, 520;08562-200;VILA GONCALVES;Poá;São Paulo
2009;2009/05;37.168.960/0001-75;2MM ELETRO TELEC COME REPRESENTACAO LTDA;AV.ALBERTO BYAINGTON,1409;02127-001;VILA MARIA;São Paulo;São Paulo
2010;2010/12;00.346.953/0001-06;2N ENGENHARIA LTDA;AV NAZARE, 28;04262-000;IPIRANGA;São Paulo;São Paulo
2010;2010/10;00.346.953/0001-06;2N ENGENHARIA LTDA;AVENIDA DOUTOR ARNALDO, 165;01000-000;Sem Informação;São Paulo;São Paulo
2010;2010/08;00.346.953/0001-06;2N ENGENHARIA LTDA;AVENIDA MINISTRO PETRôNIO PORTELA, 1746;02802-120;VILA PENTEADO;São Paulo;São Paulo
2010;2010/02;00.346.953/0001-06;2N ENGENHARIA LTDA;E=RUA LIBERO BADARó, 600;01012-000;CENTRO;São Paulo;São Paulo
2011;2011/12;51.880.706/0001-26;2O CARTORIO DE NOTAS;RUA DR. QUIRINO, 1.405;13015-082;CENTRO;Campinas;São Paulo
2008;2008/09;51.393.551/0001-01;2º CARTORIO DE NOTAS E OFICIO DE JUSTICA;RUA RUI BARBOSA, 464;19010-000;CENTRO;Presidente Prudente;São Paulo
2010;2010/09;07.839.716/0001-26;2R CENTRO AUTOMOTIVO LTDA ME;RUA ALEXANDRE DUMAS,1447;04717-003;CHACARA STO ANTONIO;São Paulo;São Paulo
2011;2011/09;13.390.668/0001-34;2R3 EXCELENCI EM TELEMARKETING LTDA EPP;RUA SIQUEIRA CAMPOS, 476;19010-061;CENTRO;Presidente Prudente;São Paulo
2010;2010/06;08.390.006/0001-24;2S INOVAçõES TECNOLOGICAS;AVENIDA YOJIRO TAKAOKA,4384;06541-038;ALPHAVILLE;Santana de Parnaíba;São Paulo
2008;2008/06;07.249.558/0001-54;2X;AV. IPANEMA,3365;18103-000;Sem Informação;Sorocaba;São Paulo
2008;2008/12;Sem Informação;2X;N/C;18051-900;VILA DOS INGLESES;Capão Bonito;São Paulo
2008;2008/06;Sem Informação;2X_LAVA RAPIDO GIL;N/C_RUA HUMBERTO DE CAMPOS, 306-A;SI;Sem Informação;Sorocaba;São Paulo
2010;2010/11;00.546.075/0001-72;2XMAGAZINE TORRA TORRA SOROCABA LTDA;N/CRUA BARÃO DO RIO BRANCO, 216;18010-171;CENTRO;Sorocaba;São Paulo
2010;2010/02;08.989.779/0001-21;3 @ VIA CAMARA DE NEGOCIACAO MEDIACAO E ARBITRAGEM LTDA;RUA BOA VISTA 314, 4 AND CJ A;01014-000;Sem Informação;São Paulo;São Paulo
2009;2009/12;07.997.650/0001-00;3 A ACABAMENTOS GRAFICOS E EDITORIAIS L;RUA ALENCAR ARARIPE,1450;04253-000;SACOMA;São Paulo;São Paulo
2008;2008/11;02.421.981/0001-76;3 AÇÃO EXPRESS LTDA.ME.;RUA VIRGILIO LEMOS, 383;09991-090;Sem Informação;Diadema;São Paulo
2008;2008/09;03.955.170/0001-18;3 ARQUITETOS ASSOCIADOS LTDA.;20 BIENAL DO LIVRO;02012-020;PQ ANHEMBI;São Paulo;São Paulo
2008;2008/07;07.461.944/0001-05;3 CARTORIO DE NOTAS DE PIRACICABA;RUA PRUDENTE DE MORAES, 804;13400-330;Sem Informação;Piracicaba;São Paulo
2008;2008/10;51.880.789/0001-53;3 CARTORIO DE REGISTRO DE IMOVEIS;AV BRASIL,275;13023-075;GUANABARA;Campinas;São Paulo
2010;2010/12;67.471.268/0001-82;3 D II AUTO POSTO LTDA.;AV. LUIS PEQUINI, 1090;09780-250;JD PALERMO II;São Bernardo do Campo;São Paulo
2010;2010/09;67.471.268/0001-82;3 D II AUTO POSTO LTDA.;AV. LUIZ PEQUINI, 1090;09780-250;JD PALERMO II;São Bernardo do Campo;São Paulo
2011;2011/01;57.789.836/0001-34;3 D INDUST E COMERCIO DE PLASTICOS LTDA;RUA PROFESSOR CLAUDEMIR GOMES DO VALE, 276;09842-080;PARQUE LOS ANGELES;São Bernardo do Campo;São Paulo
2010;2010/07;57.789.836/0001-34;3 D INDUST E COMERCIO DE PLASTICOS LTDA;RUA TRES,44;09842-080;PARQUE LOS ANGELES;São Bernardo do Campo;São Paulo
2011;2011/06;08.357.307/0001-56;3 ESTRELAS OFICINA DE COSTURA LTDA;RUA ARROIO DA SECA 72;02995-060;PARQNACOES UNIDAS;São Paulo;São Paulo
2011;2011/06;08.357.307/0001-56;3 ESTRELAS OFICINA DE COSTURA LTDA ME;ESTRADA DE TAIPAS, 1233 CASA 02;02991-000;PQ NAÇÕES UNIDAS;São Paulo;São Paulo
2009;2009/11;06.144.582/0001-66;3 F PUBLICIDADE E PROPAGANDA LTDA;ALAMEDA DOS TUPINIQUIS,203;04077-000;MOEMA;São Paulo;São Paulo
2011;2011/03;09.368.936/0001-44;3 JMB PRODUCOES E EVENTOS;RUA RAPOSO TAVARES, 116;04704-110;BROOKLIN;São Paulo;São Paulo
2009;2009/04;02.016.229/0001-40;3 K O SERRALHERIA LTDA ME;AV. BRASIL  N. 2500;13505-600;DISTRITO INDUSTRIAL;Rio Claro;São Paulo
2010;2010/05;02.016.229/0001-40;3 K.O. SERRALHERIA LTDA ME;AV. BRASIL, 2500;13500-000;DISTRITO INDUSTRIAL;Rio Claro;São Paulo
2009;2009/12;03.309.163/0001-49;3 MIL COMERCIAL LTDA;RUA CAMPO DAS PITANGUEIRAS,426;03685-010;JARDIM SAO NICOLAU;São Paulo;São Paulo
2012;2012/01;45.565.256/0001-84;3 OFICIAL DE REGISTRO DE IMOVEIS;R JACAREI 23;01319-040;BELA VISTA;São Paulo;São Paulo
2010;2010/07;03.706.510/0001-77;3 R L RAPIDO E OFICINA DE LIMPEZA LT ME;RUA BARTOLOMEU FEIO,862;04580-001;MORUMBI;São Paulo;São Paulo
2011;2011/08;03.706.510/0001-77;3 R L RAPIDO E OFICINA DE LIMPEZA LT ME;RUA BARTOLOMEU FEIO,862;04580-001;MORUMBI;São Paulo;São Paulo
2011;2011/07;08.238.706/0001-06;3 S ASSIS COMERCIO DE MOVEIS LTDA EPP;AV RUI BARBOSA, 1278;19800-000;Sem Informação;Assis;São Paulo
2011;2011/12;08.238.706/0001-06;3 S ASSIS COMERCIO DE MOVEIS LTDA EPP;AV RUI BARBOSA, 1278;19800-000;Sem Informação;Assis;São Paulo
2011;2011/06;10.968.897/0001-03;3 S.G. COMERCIO DE BEBIDAS LTDA;ASPICUELTA,444;05433-011;VILA MADALENA;São Paulo;São Paulo
2010;2010/03;50.333.541/0001-00;3 SERVICO NOTARIAL DE SOROCABA;PRACA CARLOS DE CAMPOS,98;18035-230;CENTRO;Sorocaba;São Paulo
2008;2008/06;05.980.031/0001-70;3 SOUND COM SERV SOM ACESSORIOS LTDA ME;RUA MONTE CAMBERELA,444;08110-260;ITAIM PAULISTA;São Paulo;São Paulo
2011;2011/11;54.198.908/0001-80;3 TABELIAO DE PROTESTO DE LETRAS E TITULOS;LRG SAO FRANCISCO 34 1, 2 E 3 ANDARES;01005-010;SE;São Paulo;São Paulo
2008;2008/07;07.082.416/0001-45;3 W COM DE PROD RECICL LTDA EPP;RUA RODOLFO FREDERICO RECK,75;13870-591;VILA ZANETTI;São João da Boa Vista;São Paulo
2010;2010/01;04.322.997/0001-57;3 W S TRANSPORTE E LOGISTICA LTDA ME;AV.DAS GUEICHAS, 1400;02123-030;JD.JAPÃO;São Paulo;São Paulo
2010;2010/05;Sem Informação;3.4 SERVIçOS DE TRANSPORTES LTDA;RUA VEREADOR JOSé , 367;SI;JD. REGINALICE;Barueri;São Paulo
2008;2008/06;64.961.733/0001-75;3.A POSTO DE SERV.E CONVENIENCIAS LTDA;RUA ALVILANDIA,20;05449-070;ALTO PINHEIRO;São Paulo;São Paulo
2008;2008/07;Sem Informação;3/E CONSTRUTORA E INCORPORADORA LTDA;AL SAO CAETANO 460;SI;SANTA MARIA;São Caetano do Sul;São Paulo
2009;2009/01;62.675.038/0001-11;316-JOSE BERNARDO EPP;AV GAL ATALIBA LEONEL 2568;02033-000;CARANDIRU;São Paulo;São Paulo
2010;2010/12;10.375.406/0001-02;33A SHALON ELSHADAI LTDA.;PRACA COMANDANTE EDUARDO DE OLIVEIRA, 234 - S/02;02233-060;PARQUE EDU CHAVES;São Paulo;São Paulo
2011;2011/05;10.375.406/0001-02;33A SHALON ELSHADAI LTDA.;PRACA COMANDANTE EDUARDO DE OLIVEIRA, 234 - S/02;02233-060;PARQUE EDU CHAVES;São Paulo;São Paulo
2010;2010/02;10.375.406/0001-02;33A SHALON ELSHADAI LTDA.;PRAÇA COMANDANTE EDUARDO DE OLIVEIRA, 234 - S/02;02233-060;PARQUE EDU CHAVES;São Paulo;São Paulo
2011;2011/12;10.375.406/0001-02;33A SHALON EUSHADAI LTDA;AV MARCOS PENTEADO ULHOA RODRIGUES 1050;06400-000;ALPHAVILLE;Barueri;São Paulo
2012;2012/05;10.375.406/0001-02;33A SHALON EUSHADAI LTDA;AV. NOVE DE JULHO, 3333;13200-000;Sem Informação;Jundiaí;São Paulo
2009;2009/01;74.591.082/0001-22;377 BRILHANTE C.SERV.AUT.LTDA ME;R.LICIO MARCONDES DO AMARAL,565;05616-100;VILA PROGREDIOR;São Paulo;São Paulo
2012;2012/03;08.985.177/0001-04;3A ALUMINIO INDUSTRIA E COM. LTDA;RUA YOSHIHARU AGAWA,90;06756-320;JD. MONTE ALEGRE;Taboão da Serra;São Paulo
2011;2011/05;08.985.177/0001-04;3A ALUMINIO INDUSTRIA E COM. LTDA;RUA YOSHIHARU AGAWA,90;06756-320;JD. MONTE ALEGRE;Taboão da Serra;São Paulo
2010;2010/08;01.149.955/0001-78;3A PAPÉIS E LIVRARIA LTDA.;RUA TIRADENTES, 3123;15010-030;CENTRO;São José do Rio Preto;São Paulo
2009;2009/04;Sem Informação;3ANDRA B. DELAROLI;AL. DAS SUCUPIRAS, 41;13200-000;TERRAS DE SAO CARLOS;Jundiaí;São Paulo
2009;2009/11;05.451.600/0001-90;3C ETIQUETAS, GRAFICA E EDITORA LTDA.;RUA HONORIO ALVARES PENTEADO,97;06543-320;TAMBORE;Santana de Parnaíba;São Paulo
2008;2008/12;72.938.467/0001-98;3COM DO BRASIL SERVICOS LTDA;AV. ALF. EG SOUZA AR,177;04726-170;CHACARA STO ANTONIO;São Paulo;São Paulo
2011;2011/07;57.789.836/0001-34;3-D INDUSTRIA E COMERCIO DE PLÁSTICOS LTDA;RUA TRÊS, 44;SI;Sem Informação;São Bernardo do Campo;São Paulo
2010;2010/06;04.821.956/0001-05;3D PLASTICOS LTDA EPP;RUA JAGUARÃO, 485;12238-410;CHACARAS REUNIDAS;São José dos Campos;São Paulo
2010;2010/06;11.140.934/0001-45;3D PLÁSTICOS SERVIÇOS LTDA ME;RUA JAGUARãO, 485;12238-410;CHACARAS REUNIDAS;São José dos Campos;São Paulo
2009;2009/03;02.983.288/0001-97;3D-CAM COMERCIO E SERVICOS LTDA ME;R PROFESSORA LEONITA FABER LADEIRA 1414;13203-770;JD DO LAGO;Jundiaí;São Paulo
2009;2009/02;00.157.494/0001-12;3G COMERCIO DE CALCADOS LTDA - EPP;AV NOSSA SENHORA DE FATIMA 984;13076-000;TAQUARAL;Campinas;São Paulo
2010;2010/10;10.702.328/0001-03;3G PARK ESTACIONAMENTO DE VEÍCULO LTDA ME;RUA DR ZUQUIM, 1041;02035-011;SANTANA;São Paulo;São Paulo
2011;2011/08;06.173.204/0012-63;3GK DO BRASIL S/A;R ALEXANDRE MARTINS,80;11025-200;APARECIDA;Santos;São Paulo
2008;2008/07;01.517.236/0001-62;3H TERCEIRIZACAO E SERVICOS LTDA;RUA ARAçUAI, 378;12233-380;BQ DOS EUCALIPTOS;São José dos Campos;São Paulo
2010;2010/01;01.517.236/0001-62;3H TERCEIRIZACAO E SERVICOS LTDA;RUA ARACUAI,378;12233-380;BOSQUE EUCALIPTOS;São José dos Campos;São Paulo
2010;2010/11;01.517.236/0001-62;3H TERCEIRIZACAO E SERVICOS LTDA;RUA ARACUAI,378;12233-380;BOSQUE EUCALIPTOS;São José dos Campos;São Paulo
2011;2011/12;01.517.236/0001-62;3H TERCEIRIZACAO E SERVICOS LTDA;RUA ARACUAI,378;12233-380;BOSQUE EUCALIPTOS;São José dos Campos;São Paulo
2009;2009/03;05.043.075/0001-73;3J EMPREENDIMENTOS E NEGOCIOS LTDA.-EPP;AVENIDA JAMARIS,100;04078-000;MOEMA;São Paulo;São Paulo
2008;2008/09;04.209.241/0001-04;3K COMERCIO E INSTALACOES LTDA EPP;RUA DAS DALIAS,26;13050-040;JARDIM DO LAGO;Campinas;São Paulo
2008;2008/08;04.209.241/0001-04;3K COMERCIO E INSTALACOES LTDA EPP;RUA DAS DALIAS,26;13050-040;JARDIM DO LAGO;Campinas;São Paulo
2011;2011/03;04.339.318/0001-52;3K INDUSTRIA E COMERCIO DE ARTEFATOS DE ALUMINIO;RUA JOÃO DE PAULA FRANCO 130127;04755-050;JARDIM MARABA;São Paulo;São Paulo
2009;2009/07;45.985.371/0001-08;3M DO BRASIL LTDA;FEICON 2009;02012-020;PQ ANHEMBI;São Paulo;São Paulo
2012;2012/05;45.985.371/0063-00;3M DO BRASIL LTDA;R AMF DO BRASIL,251;18120-000;INDUSTRIAL;Mairinque;São Paulo
2009;2009/08;45.985.371/0062-20;3M DO BRASIL LTDA;ROD RAPOSO TAVARES, KM 171;18203-340;Sem Informação;Itapetininga;São Paulo
2011;2011/12;45.985.371/0062-20;3M DO BRASIL LTDA;RODOVIA RAPOSO TAVARES KM 171;18203-340;DO PORTO;Itapetininga;São Paulo
2009;2009/10;45.985.371/0001-08;3M DO BRASIL LTDA;VIA ANHANGUERA KM 110;13181-900;NOVA VENEZA;Sumaré;São Paulo
2010;2010/03;45.985.371/0001-08;3M DO BRASIL LTDA;VIA ANHANGUERA KM 110;13181-900;NOVA VENEZA;Sumaré;São Paulo
2008;2008/10;45.985.371/0001-08;3M DO BRASIL LTDA;VIA ANHANGUERA KM 110;13181-900;NOVA VENEZA;Sumaré;São Paulo
2012;2012/04;45.985.371/0001-08;3M DO BRASIL LTDA;VIA ANHANGUERA KM 110;13181-900;NOVA VENEZA;Sumaré;São Paulo
2012;2012/01;45.985.371/0001-08;3M DO BRASIL LTDA;VIA ANHANGUERA KM 110;13181-900;NOVA VENEZA;Sumaré;São Paulo
2011;2011/03;09.127.353/0001-21;3MAM TRANSP. DISTR. DE JORNAIS E REV REPR. COML. LTDA.;RUA ANDRE LEAO, 283;03101-010;MOOCA;São Paulo;São Paulo
2011;2011/10;59.904.656/0001-81;3N COMERCIO E REPRESENTAÇÃO LTDA;AVENIDA PIRAPORINHA, 1320;09950-000;PIRAPORINHA;Diadema;São Paulo
2012;2012/04;59.904.656/0001-81;3N COMERCIO E REPRESENTAÇÃO LTDA;AVENIDA PIRAPORINHA, 1320;09950-000;Sem Informação;Diadema;São Paulo
2012;2012/04;59.904.656/0001-81;3N COMERCIO E REPRESENTAÇÃO LTDA;AVENIDA PIRAPORINHA, 1320;09950-000;Sem Informação;Diadema;São Paulo
2010;2010/06;59.904.656/0001-81;3N COMERCIO E REPRESENTACOES LTDA;RUA ALTINO ARANTES, 701;04042-003;VILA CLEMENTINO;São Paulo;São Paulo
2009;2009/11;59.904.656/0001-81;3N COMERCIO E REPRESENTACOES LTDA;RUA MARANHAO 1279;09541-001;SANTA PAULA;São Caetano do Sul;São Paulo
2008;2008/09;59.904.656/0001-81;3N COMERCIO E REPRESENTAçõES LTDA.;AV. PIRAPORINHA, 1320;09950-000;VL NOGUEIRA;Diadema;São Paulo
2009;2009/12;04.072.608/0001-82;3P COMERCIAL LTDA ME;AV FAGUNDES DE OLIVEIRA,1527;09950-300;SAO JOSE;Diadema;São Paulo
2010;2010/08;04.072.608/0001-82;3P COMERCIAL LTDA ME;AVENIDA FAGUNDES DE OLIVEIRA,1527;09950-300;V.S. JOSé;Diadema;São Paulo
2008;2008/09;74.219.924/0001-10;3P PUBLICID.PROPAG.E COM.DE PAINEIS LTDA;AV.HIGIENOPOLIS,126;09190-360;VILA GILDA;Santo André;São Paulo
2009;2009/01;06.697.540/0001-52;3R COMERCIO DE EQUIP E SERV LTDA EPP;ESTRADA MUNICIPAL ALOIS PARTEL FILHO, N. 201;13560-000;ÁGUA VERMELHA;São Carlos;São Paulo
2010;2010/11;06.697.540/0001-52;3R COMERCIO DE EQUIP E SERV LTDA EPP;OBRA AV MARIA A C OLIVEIRA, 1030 - SAVEGNAGO;14800-000;Sem Informação;Araraquara;São Paulo
2012;2012/02;06.697.540/0001-52;3R COMERCIO DE EQUIP E SERV LTDA EPP;PRAçA ITáLIA, S/N;13560-000;VILA LUTFALLA;São Carlos;São Paulo
2011;2011/06;05.958.786/0001-78;3R EMPREENDIMENTOS TURISTICOS LTDA;AV MALEK ASSAD,2005;12328-900;JD SANTA MARIA;Jacareí;São Paulo
2010;2010/11;04.616.634/0001-24;3R EVENTOS PROMOCIONAIS LTDA;AUT. MUNICIPAL CARLOS PACE;01000-000;Sem Informação;São Paulo;São Paulo
2011;2011/07;04.616.634/0001-24;3R EVENTOS PROMOCIONAIS LTDA;AV. OLAVO FONTOURA, 1209;02010-000;PQ ANHEMBI;São Paulo;São Paulo
2011;2011/12;04.616.634/0001-24;3R EVENTOS PROMOCIONAIS LTDA;AVENIDA TEOTôNIO VILELA Nº 261;01000-000;INTERLAGOS;São Paulo;São Paulo
2011;2011/03;02.543.673/0001-13;3R INDUSTRIA E COMERCIO LTDA.;RUA JOAO DE PAULA FRANCO,334;04775-165;JARDIM MARABA;São Paulo;São Paulo
2009;2009/11;04.443.260/0001-92;3R RUBBER MANUFACTURING INDUSTRIA E COMERCIO LTDA;RUA MAJOR PINHEIRO FROES, 2200;08680-000;VILA MARIA DE MAGGI;Suzano;São Paulo
2011;2011/07;12.057.486/0001-83;3RA EVENTOS LTDA;AV. OLAVO FONTOURA, 1209;02010-000;PQ ANHEMBI;São Paulo;São Paulo
2011;2011/11;12.057.486/0001-83;3RA EVENTOS LTDA;AVENIDA TEOTôNIO VILELA Nº 261;01000-000;INTERLAGOS;São Paulo;São Paulo
2012;2012/03;12.057.486/0001-83;3RA EVENTOS LTDA;RUA JOÃO TEODORO, 134/136;01105-000;LUZ;São Paulo;São Paulo
2008;2008/09;06.813.814/0001-21;3RV INDUSTRIA COMERCIO CONFECCAO LTDA ME;RUA DR PEDRO CARLOS DE SOUSA 31;13760-000;CENTRO;Tapiratiba;São Paulo
2011;2011/07;08.238.706/0001-06;3S ASSIS COMERCIO DE MOVEIS LTDA EPP;R RUI BARBOSA, 1278;19814-000;Sem Informação;Assis;São Paulo
2008;2008/11;05.165.734/0001-44;3SI SISTEMAS DE SEGURANCA DO BRASIL LTDA;RUA CUBATAO,929, CONJ. 87;04013-043;PARAISO;São Paulo;São Paulo
2011;2011/05;09.494.967/0001-41;3ST SERVICOS LTDA ME;RUA AMADOR BUENO,504;06230-100;JARDIM PIRATININGA;Osasco;São Paulo
2010;2010/10;Sem Informação;3T ESPORTES S/C LTDA;R. TABAPUÃ, 479;04533-000;Sem Informação;São Paulo;São Paulo
2008;2008/11;02.412.653/0001-03;3V ALBUQUERQUE BARBOSA USINAGEM LTDA.ME.;AV. D. RUYCE FERRAZ ALVIM, 511;09961-540;Sem Informação;Diadema;São Paulo
2012;2012/05;11.481.714/0001-85;3V TRANSPORTES EXPRESSOS LTDA - ME;RUA FREI GASPAR, 131 CJ. 21;11010-091;CENTRO;Santos;São Paulo
2010;2010/11;00.914.151/0004-06;3XMENDES RIGONATTI E CIA LTDA;N/CRUA B. DO RIO BRANCO, N.º 176;18010-171;CENTRO;Sorocaba;São Paulo
2008;2008/08;09.264.606/0001-09;3XSANDRA REGINA RODRIGUES DE LIMA-ME;N/CAV. ENG. CARLOS REINALDO MENDES, 1401;18013-280;J. PELEGRINO;Sorocaba;São Paulo
2010;2010/12;11.063.027/0001-40;4 ACT PERFORMING ARTS ATIVIDADES ARTÍSTICAS LTDA ME;CUNHA GAGO;05421-000;PINHEIROS;São Paulo;São Paulo
2008;2008/10;51.880.722/0001-19;4 CARTORIO DE NOTAS;AV. FRANCISCO GLICÉRIO, 1.522;13010-210;CENTRO;Campinas;São Paulo
2009;2009/10;01.463.224/0001-00;4 DIMENSAO EXP E IMP IND E COM LTDA;RUA GIOCONDO NEGRO,316;13480-000;VILA TEIXEIRA MARQU;Limeira;São Paulo
2011;2011/12;05.570.399/0001-60;4 FLEX ACADEMIA DE ESPORTES LTDA;AV SEN JOSE ERMIRIO DE MORAES,626;02357-000;VILA ALBERTINA;São Paulo;São Paulo
2010;2010/05;05.570.399/0001-60;4 FLEX ACADEMIA DE ESPORTES LTDA;AV SEN JOSE ERMIRIO DE MORAES,626;02357-000;VILA ALBERTINA;São Paulo;São Paulo
2010;2010/07;00.346.719/0001-89;4 OFICIAL DE REGISTRO DE TITULOS E DOCUMENTOS E CI;R XV DE NOVEMBRO 251 ANDAR 2;01013-000;CENTRO;São Paulo;São Paulo
2009;2009/03;01.202.596/0001-75;4 POR 1 COMERCIAL LTDA;EMILIA MARENGO,,664;03336-000;TATUAPE;São Paulo;São Paulo
2010;2010/09;09.577.142/0001-90;4 R CABEDAIS LTDA ME;RUA LEONORA FIOROTO 669;16201-195;Sem Informação;Birigui;São Paulo
2009;2009/09;09.577.142/0001-90;4 R CABEDAIS LTDA ME;RUA SETE DE DEZEMBRO 137;16201-195;Sem Informação;Birigui;São Paulo
2009;2009/11;09.577.142/0001-90;4 R CABEDAIS LTDA ME;RUA SETE DE SETEMBRO, 137;16201-195;VILA XAVIER;Birigui;São Paulo
2012;2012/03;11.178.284/0001-27;4 R MINAS BRASIL COMERCIO DE METAIS LTDA ME;ESTRADA ARACARIGUAMA 162;06695-560;AMBUITA;Itapevi;São Paulo
2012;2012/04;10.993.677/0001-21;4 R TERRAPLANAGEM LTDA;RODOVIA PRES DUTRA, KM 52;12600-000;MONDESIR;Lorena;São Paulo
2011;2011/12;10.993.677/0001-21;4 R TERRAPLANAGEM LTDA;RUA PRIMEIRO DE MARÇO, S/N.;12570-000;RD. DUTRA KM 70;Aparecida;São Paulo
2011;2011/02;05.901.711/0001-50;4 SERVICOS E COM DE MATS DID LTDA ME;RUA TENENTE ARY APS,154;13207-110;VIANELO;Jundiaí;São Paulo
2010;2010/07;59.945.840/0001-70;4. TABELIONATO DE PROTESTO DE TITULOS;AV BRIGADEIRO LUIZ ANTONIO 319;01006-030;BELA VISTA;São Paulo;São Paulo
2011;2011/11;07.053.025/0001-00;40 J V A COMERCIO DE PRODUTOS DE TELEFONIA LTDA EPP;AV PRES KENNEDY,1500;14096-350;RIBEIRANIA;Ribeirão Preto;São Paulo
2011;2011/04;00.790.495/0001-08;47 SURF WEAR MODAS LTDA;RUA MARECHAL DEODORO, 978 LOJA 47;09710-001;CENTRO;São Bernardo do Campo;São Paulo
2008;2008/12;61.504.247/0001-30;49DIST E COML DE MATL BAS P CONSTRUCAO CIVIL LTDA;RUA JOAO ALPHONSUS,91;05767-410;JARDIM CATANDUVA;São Paulo;São Paulo
2010;2010/06;04.444.056/0001-96;4A ENGENHARIA E TECNOLOGIA LTDA;AV.MASCOTE,81;04363-001;Sem Informação;São Paulo;São Paulo
2009;2009/12;04.444.056/0001-96;4A ENGENHARIA E TECNOLOGIA LTDA;AVENIDA JOãO PEIXOTO VIEGAS, 195;01000-000;JARDIM MARAJOARA;São Paulo;São Paulo
2009;2009/11;04.444.056/0001-96;4A ENGENHARIA E TECNOLOGIA LTDA;RUA CARAMURU, 275;04138-000;SAUDE;São Paulo;São Paulo
2008;2008/12;04.444.056/0001-96;4A ENGENHARIA E TECNOLOGIA LTDA;RUA DOMICIANO LEITE RIBEIRO, 51;04747-000;Sem Informação;São Paulo;São Paulo
2008;2008/10;04.444.056/0001-96;4A ENGENHARIA E TECNOLOGIA LTDA;RUA JORGE OLIVA, 333;04362-060;VILA MASCOTE;São Paulo;São Paulo
2009;2009/09;05.611.479/0001-16;4A IND E COM DE PLáST E GRAMPOS LTDA;R JULIA CORTINES, 69;04279-060;SACOMA;São Paulo;São Paulo
2009;2009/04;04.180.167/0001-32;4A VESTE ROUPAS PROFISSIONAIS LTDAME;AV MINISTRO OSWALDO ARANHA,66;09626-000;VILA FRANCA;São Bernardo do Campo;São Paulo
2008;2008/09;04.468.221/0001-40;4D EDITORA E INFORMATICA LTDA EPP;RUA DOS JACINTOS,205;04049-050;MIRANDOPOLIS;São Paulo;São Paulo
2010;2010/04;05.909.372/0001-59;4J COMÉRCIO DE PEÇAS PARA VEÍCULOS LTDA;AV. MOACIR VIEIRA COELHO, 3565;14405-700;FRANCA;Franca;São Paulo
2011;2011/09;07.679.494/0001-21;4LAW RESTAURANTE BAR E FRANQUIA LTDA.;LORENA, 1040,;01424-001;CERQUEIRA CESAR;São Paulo;São Paulo
2011;2011/02;07.679.494/0001-21;4LAW RESTAURANTE, BAR E FRANQUIA LTDA.;AL LORENA 1040;01424-001;CERQUEIRA CESAR;São Paulo;São Paulo
2008;2008/10;03.849.770/0002-82;4M ADMINISTRACAO E PARTICIPACOES LTDA;RUA SOLDADO JOSE DE ANDRADE,63;07024-001;JD SANTA FRANCISCA;Guarulhos;São Paulo
2008;2008/11;09.211.726/0001-48;4M HIDRAULICA LTDA ME;RUA COM.VICENTE LEONE, 27;13480-000;Sem Informação;Limeira;São Paulo
2011;2011/02;11.354.593/0001-00;4R EMPREENDIMENTOS IMOBOLIARIOS LTDA;RUA DUQUE DE CAXIAS, 228;12600-000;CENTRO;Lorena;São Paulo
2009;2009/11;11.178.284/0001-27;4R MINAS BRASIL COMERCIO DE METAIS LTDA ME;AV MARECHAL CASTELO BRANCO, 330;06790-070;Sem Informação;Taboão da Serra;São Paulo
2009;2009/12;04.078.995/0001-64;5 A SEC BRASIL FRANCHISING LTDA;AL. ARAGUAIA 2111;06455-000;TAMBORé;Barueri;São Paulo
2008;2008/09;51.880.730/0001-65;5 CARTORIO DE NOTAS E OFICIOS DE JUSTICA;R MARIA MONTEIRO 536;13025-150;CAMBUI;Campinas;São Paulo
2010;2010/02;00.383.649/0001-39;5 ESTRELAS SPECIAL SERVICE LIMP. E SERV. AUXILIARES LTD;AV. GOV. MARIO COVAS 01;09390-040;JD ROSINA;Mauá;São Paulo
2011;2011/07;10.250.585/0001-51;5 M COMERCIO ATACADISTA E VAREJISTA DE ALIMENTOS LTDA;AVENIDA VITORIO BERNARDELO, 77;09851-070;JD. IMPERADOR;São Bernardo do Campo;São Paulo
2009;2009/04;10.250.585/0001-51;5 M COMERCIO ATACADISTA VAREJISTA ALIMENTOS LTDA;RUA VITORIO DENNARDELLI, 77;09851-070;JARDIM IMPERADOR;São Bernardo do Campo;São Paulo
2009;2009/12;10.250.585/0001-51;5 M COMERCIO ATACADISTA VAREJISTA ALIMENTOS LTDA;RUA VITORIO DENNARDELLI, 77;09851-070;JARDIM IMPERADOR;São Bernardo do Campo;São Paulo
2011;2011/01;10.292.311/0001-25;5 X COMERCIO DE PANIFICACAO LTDA;RUA DOS PATRIOTAS,874;04207-030;IPIRANGA;São Paulo;São Paulo
2011;2011/08;10.292.311/0001-25;5 X COMERCIO DE PANIFICACAO LTDA;RUA DOS PATRIOTAS,874;04207-030;IPIRANGA;São Paulo;São Paulo
2011;2011/11;60.048.261/0001-03;5. TABELIONATO DE PROTESTO DE TITULOS;R DA GLORIA 162;01510-000;LIBERDADE;São Paulo;São Paulo
2009;2009/06;51.880.730/0001-65;5¿CARTORIO DE NOTAS E OFICIOS DE JUSTIÇA;RUA MARIA MONTEIRO, 536;13025-150;CAMBUI;Campinas;São Paulo
2010;2010/06;56.598.857/0001-00;540 NOVIDADES E CONFECCOES LTDA EPP;RUA BARAO DO RIO BRANCO,540;16200-001;CENTRO;Birigui;São Paulo
2009;2009/05;57.065.930/0001-40;54-BERTAIA E MAGALHAES SC LTDA;X;06023-010;Sem Informação;Araraquara;São Paulo
2010;2010/08;05.506.550/0001-09;5A CONSULT PROJ E SOLUCOES EM SIST L;RUA ARIZONA,1426;04567-003;BROOKLIN;São Paulo;São Paulo
2010;2010/12;03.421.816/0001-87;5ª FACHADA CONSTRUTORA LTDA;OBRA: AV MAGNO P. BITTENCOURT 1515;11600-000;Sem Informação;São Sebastião;São Paulo
2010;2010/04;10.250.585/0001-51;5M COMERCIO ATACADISTA E VAREJISTA DE ALIMENTOS LTDA.;RUA VITÓRIO BERNARDELLO, 77;09851-070;JDIM. IMPERADOR;São Bernardo do Campo;São Paulo
2008;2008/10;51.880.730/0001-65;5ºCARTORIO DE NOTAS E OFICIOS DE JUSTICA;R MARIA MONTEIRO 536;13025-150;CAMBUI;Campinas;São Paulo
2009;2009/03;04.951.407/0002-36;6 MS CONFECCOES LTDA EPP;RUA JOAO CACHOEIRA,1103;04535-013;VILA NOVA CONCEICAO;São Paulo;São Paulo
2011;2011/07;04.951.407/0001-55;6 MS CONFECCOES LTDA EPP;RUA JOSE PAULINO, 674 676,;01120-000;BOM RETIRO;São Paulo;São Paulo
2012;2012/01;04.951.407/0001-55;6 MS CONFECÇÕES LTDA. EPP;RUA JOSE PAULINO,674;01120-901;BOM RETIRO;São Paulo;São Paulo
2011;2011/07;45.566.460/0001-10;6 TABELIAO DE NOTAS DE SAO PAULO;R SANTO AMARO 482;01315-000;BELA VISTA;São Paulo;São Paulo
2009;2009/06;10.220.957/0002-88;614 INTERIOR LINHA SA;RUA ANTONIO FERRUCIO MORI, 207 - SALA 01;18600-000;JARDIM PARAISO;Botucatu;São Paulo
2008;2008/12;03.722.616/0002-45;614 TVC INTERIOR S/A;RUA ANTONIO FERRUCIO MORI,207;18610-330;JD. PARAISO;Botucatu;São Paulo
2010;2010/04;09.566.315/0001-75;6ª CIRCUNSCRIçãO DE SERVIçO MILITAR;BANDEIRANTES, 3-55;17015-010;Sem Informação;Bauru;São Paulo
2010;2010/11;53.452.256/0001-04;7 CARTORIO DE REGISTRO DE TITULOS E DOCUMENTOS;R QUINZE DE NOVEMBRO 251 5. ANDAR;01013-001;CENTRO;São Paulo;São Paulo
2010;2010/03;07.479.836/0001-60;7 IND DE SALTOS E SOLADOS INJETADOS L ME;DESEMB JOAO BATISTA ARRUDA SAMPAIO,2880;17210-780;JRD ALVORADA;Jaú;São Paulo
2011;2011/04;07.479.836/0001-60;7 IND DE SALTOS E SOLADOS INJETADOS L ME;DESEMB JOAO BATISTA ARRUDA SAMPAIO,2880;17210-780;JRD ALVORADA;Jaú;São Paulo
2011;2011/01;07.479.836/0001-60;7 IND DE SALTOS E SOLADOS INJETADOS L ME;DESEMB JOAO BATISTA ARRUDA SAMPAIO,2880;17210-780;JRD ALVORADA;Jaú;São Paulo
2010;2010/07;00.395.787/0001-38;7 REGISTRO CIVIL DAS PESSOAS NATURAIS SUBDT.CONSOL;AV ANGELICA 2168;01228-200;CONSOLACAO;São Paulo;São Paulo
2011;2011/11;60.048.196/0001-16;7. TABELIONATO DE PROTESTO DE TITULOS;R DA GLORIA 152 3 ANDAR;01510-000;LIBERDADE;São Paulo;São Paulo
2008;2008/07;60.339.611/0001-90;7.7.7. COML. SERGIO YOO LTDA;R BARAO DE PARANAPIACABA 24 1 E 2 ANDAR;01004-000;CENTRO;São Paulo;São Paulo
2011;2011/02;58.946.757/0001-52;70 VEE MALHARIAS LTDA ME;AV ANTONIO DE SOUZA NOSCHESE,311/321;05328-000;PARQUE CONTINENTAL;São Paulo;São Paulo
2012;2012/05;12.539.517/0001-32;707 AUTO-SERVICO DE ALIMENTOS LTDA;AV ROBERT KENNEDY,707(AV. ATLâNTICA);04768-000;SOCORRO;São Paulo;São Paulo
2011;2011/07;03.932.232/0001-76;7800 FAHRENHEIT PROMOCOES E EVENTOS SC LTDA;ABIOPTICA 2011 - PAVILHAO DO CENTER NORTE;02055-000;VIL GUILHERME;São Paulo;São Paulo
2012;2012/02;56.709.413/0001-02;7COMM INFORMATICA LTDA.;RUA FORMOSA,367;01049-000;CENTRO;São Paulo;São Paulo
2011;2011/08;04.620.437/0001-89;8 - 8 CONFECCOES LTDA;R JAVAES 595 599;01130-010;BOM RETIRO;São Paulo;São Paulo
2008;2008/12;52.252.509/0001-25;8 CARTORIO DE NOTAS DE SANTOS;PRACA DOM IDILIO JOSE SOARES 42 LJ 112;11013-170;CENTRO;Santos;São Paulo
2011;2011/05;47.461.736/0001-20;8. TABELIAO DE NOTAS DR DOUGLAS EDUARDO DUALIBI;R XV DE NOVEMBRO 193;01013-001;CENTRO;São Paulo;São Paulo
2012;2012/01;59.943.043/0001-53;8. TABELIAO DE PROTESTO DE LETRAS E TITULOS DA CAP;R XV DE NOVEMBRO 331;01013-001;CENTROI;São Paulo;São Paulo
2008;2008/09;05.868.263/0004-83;845 COMERCIO DE VEICULOS LTDA;AV AMOREIRAS,1411;13030-405;SAO BERNARDO;Campinas;São Paulo
2010;2010/08;04.620.437/0001-89;88 CONFECÇÕES LTDA.;RUA JAVAES, 595;01130-010;BOM RETIRO;São Paulo;São Paulo
2011;2011/07;Sem Informação;8ERGIO LUIZ ANTONIO D'AURIA;RUA NUNO ALVARES PEREIRA, 590;15000-000;HIGIENOPOLIS;São José do Rio Preto;São Paulo
2008;2008/12;00.874.168/0001-26;8X8 CURVA TUBO LTDA;AV. CORONEL SEZEFREDO FAGUNDES, 5611;02308-000;JD. TREMEMBE;São Paulo;São Paulo
2011;2011/08;45.572.443/0001-95;9 CARTORIO DE NOTAS DA CAPITAL;R MARCONI 124 ANDAR 1 AO 6;01047-000;REPUBLICA;São Paulo;São Paulo
2008;2008/12;37.590.03546/06;927 VALERIA DA ANUNCIACAO VILHENA;RUA LUIS GOIS, 78;04043-000;Sem Informação;São Paulo;São Paulo
2011;2011/01;07.591.645/0002-76;9INJET INJECAO DE PECAS PLASTICAS LTDA;AV. 80-A, 777;13506-095;DISTRITO INDUSTRIAL;Rio Claro;São Paulo
2012;2012/03;07.591.645/0002-76;9INJET INJECAO DE PECAS PLASTICAS LTDA;AVENIDA 80-A  N. 777;13506-095;CHACARA RIO CLARO;Rio Claro;São Paulo
2008;2008/07;07.591.645/0002-76;9INJET INJEÇÃO DE PEÇAS PLÁSTICAS LTDA.;AV. 80-A N. 777;13500-000;CHACARA LUSA;Rio Claro;São Paulo
2010;2010/10;Sem Informação;A;A;13400-000;Sem Informação;Piracicaba;São Paulo
2010;2010/07;Sem Informação;A;A;13400-000;Sem Informação;Piracicaba;São Paulo
2011;2011/08;Sem Informação;A;RUA 13 DE MAIO -ENTRE A R-STO ANTONIO E GOVERNADOR;13400-000;CENTRO;Piracicaba;São Paulo
2011;2011/06;Sem Informação;A;RUA DO PORTO;13400-000;Sem Informação;Piracicaba;São Paulo
2010;2010/07;Sem Informação;A;SANTA MARIA DA SERRA;17370-000;A;Santa Maria da Serra;São Paulo
2009;2009/01;09.485.302/0001-71;A & A LUMINI COM DE MAT ELéTRICO LTDA. ME;RUA MIGUEL PETRONI, 1255;13562-190;JD BANDEIRANTES;São Carlos;São Paulo
2008;2008/12;05.999.947/0001-71;A & A PEDIATRAS LTDA;RUA COLOMBIA,48;11045-320;BOQUEIRAO;Santos;São Paulo
2008;2008/06;07.012.938/0001-70;A & C ASSESSORIA EMPRESARIAL LTDA. ME;AV.MARGINAL ADAMO MELONI, 3563, 2º A,S 207;14160-000;Sem Informação;Sertãozinho;São Paulo
2012;2012/03;00.764.136/0001-78;A & D MODAS LTDA;RUA DR OLAVO EGIDIO, 26;02037-000;SANTANA;São Paulo;São Paulo
2010;2010/03;08.779.284/0001-78;A & E DESTAK COM. VAR. ESQ. METALICAS;AVENIDA PEDRO áLVARES CABRAL, 1301;04094-050;PARQUE IBIRAPUERA;São Paulo;São Paulo
2009;2009/08;09.069.791/0001-80;A & F COMERCIO E ASSISTENCIA TECNICA DE APARELHOS;AV NOVE DE JULHO 1008 SALA  801;01312-000;BELA VISTA;São Paulo;São Paulo
2011;2011/01;07.980.228/0001-34;A & H CONF E COM DE VESTUARIO LTDA ME;ADOLFO PINTO, 485;14700-000;CENTRO;Bebedouro;São Paulo
2009;2009/06;04.540.579/0001-36;A & J LAVANDERIA LTDA ME;RUA DA AGRICULTURA, 410;13479-180;JD. ALVORADA;Americana;São Paulo
2009;2009/04;04.540.579/0001-36;A & J LAVANDERIA LTDA ME;RUA DA AGRICULTURA,410;13454-000;JARDIM PEROLA;Santa Bárbara d'Oeste;São Paulo
2009;2009/01;04.540.579/0001-36;A & J LAVANDERIA LTDA ME;RUA DA AGRICULTURA,410;13454-000;JARDIM PEROLA;Santa Bárbara d'Oeste;São Paulo
2010;2010/02;01.823.703/0001-82;A & K COMERCIO E INSTALACOES LTDA ME;AV OURIVES,89;04194-260;PQ DO ESTADO;São Paulo;São Paulo
2009;2009/06;06.272.479/0001-00;A & L SERVS PROF PARA EVENTOS LTDA EPP;RUA MONTE ALEGRE,1476;05014-000;PERDIZES;São Paulo;São Paulo
2012;2012/02;07.920.329/0001-10;A & R COM DE PROD MEDICOS E HOSP LTD-EPP;RUA PADRE JOãO MANOEL, 222-CJ.28;01411-001;CERQUEIRA CESAR;São Paulo;São Paulo
2012;2012/03;08.212.841/0002-55;A & R INDUSTRIA E COMERCIO DE MARMORES E GRANITOS LTDA;AVENIDA FABIO EDUARDO RAMOS ESQUÍVEL, 1109;09920-579;JARDIM DAS NAÇÕES;Diadema;São Paulo
2008;2008/10;06.186.039/0001-21;A & T PRESTADORA SERVICOS LTDA;ROD. SP 255, S/N, KM 246 + 500 M;18701-175;HARAS ESPERANçA;Avaré;São Paulo
2010;2010/12;10.350.570/0001-65;A & V CALCADOS;RUA JOSE SCARPIM 393;16201-130;JARDIM AEROPORTO;Birigui;São Paulo
2011;2011/08;10.350.570/0001-65;A & V CALCADOS;RUA JOSE SCARPIM 393;16201-130;JARDIM AEROPORTO;Birigui;São Paulo
2008;2008/07;08.304.384/0001-48;A + F SERVIÇOS DE TELEMARTING LTDA;AV. CEL. FERNANDO F. LEITE N. 1.540;14026-020;Sem Informação;Ribeirão Preto;São Paulo
2009;2009/03;06.105.028/0001-70;A 1000 ART'S;R FRANCISCO FERNANDES MATHEUS,4810;14407-757;JARDIM PAINEIRA;Franca;São Paulo
2009;2009/05;01.770.339/0001-30;A 1000 COMERCIO DE COMPONENTES PARA CALCADOS LTDA EP;RUA CRUZ E SOUZA,1524;14401-196;BOA ESPERANCA;Franca;São Paulo
